Workbook

Sheet Data
A1: категорії \ рік | B1: 41646 | C1: 41935 | D1: 42379 | E1: 42752 | F1: 43113 | G1: 43888 | H1: 44015 | I1: 44064 | J1: 44200 | K1: 44264 | L1: 44492 | M1: 44569 | N1: 44617 | O1: 44703 | P1: 44788 | Q1: 44818 | R1: 44888 | S1: 44929 | T1: 44986 | U1: 45003 | V1: 45081 | W1: 45197 | X1: 45308 | Y1: 45519 | Z1: 45687 | AA1: 45733 | AB1: 45750 | AC1: 45799 | AD1: 45841 | AE1: 45897 | AF1: 45972 | AG1: 46022
A2: зріст (не актуально ) | B2: 195 | C2: 195 | D2: 193 | E2: 192 | F2: 192 | G2: 192 | H2: 192 | I2: 192 | J2: 192 | K2: 192 | L2: 192 | M2: 192 | N2: 192 | O2: 192 | P2: 192 | Q2: 192 | R2: 192 | S2: 192 | T2: 192 | U2: 192 | V2: 192 | W2: 192 | X2: 192 | Y2: 192 | Z2: 192 | AA2: 192 | AB2: 192 | AC2: 192 | AD2: 192 | AE2: 192 | AF2: 192 | AG2: 192
A3: вага (кг) | B3: 87 | C3: 87 | D3: 95 | E3: 96 | F3: 95 | G3: 94.5 | H3: 89.9 | I3: 91.5 | J3: 92.9 | L3: 92.9 | M3: 94.4 | N3: 93.3 | O3: 94.5 | P3: 92.3 | Q3: 92.8 | R3: 92 | S3: 96.3 | T3: 101 | U3: 102 | V3: 98.8 | W3: 99.8 | X3: 95 | Y3: 97.5 | Z3: 94.55 | AA3: 91 | AB3: 89.4 | AC3: 89.95 | AD3: 94 | AE3: 95 | AF3: 90 | AG3: 87.75
A4: стегно | B4: 56 | C4: 56 | D4: 59.5 | E4: 58 | F4: 57 | G4: 58 | H4: 57.2 | I4: 58.1 | J4: 57.5 | K4: 59.7 | L4: 59 | M4: 59 | N4: 59 | O4: 59.1 | P4: 58.3 | Q4: 58.8 | R4: 56.5 | S4: 58.8 | T4: 59.5 | U4: 61.3 | V4: 59.3 | W4: 59.3 | X4: 57 | Y4: 56.8 | Z4: 58 | AA4: 55 | AB4: 55 | AC4: 58 | AD4: 58.5 | AE4: 58 | AF4: 57 | AG4: 56.2
A5: груди видих / вдих | B5: 105-107 | C5: 105-107 | D5: 107-109 | E5: 108-110 | F5: 109-111 | G5: 105-112 | H5: 103-108 | I5: 104-109 | J5: 103-108 | K5: 104,2-108,7 | L5: 103,5-109 | M5: 104-109 | N5: 104-109 | O5: 105-109,5 | P5: 101,5-105,5 | Q5: 101,8-106,8 | R5: 103,3-108,3 | S5: 103-108,5 | T5: 103,5-109,5 | U5: 106,5-111 | V5: 104-108 | W5: 104,5-109 | X5: 99-105 | Y5: 101,8-107,5 | Z5: 102,5-108,5 | AA5: 100-107,5 | AB5: 100-107,5 | AC5: 103,5-110,3 | AD5: 106-113 | AE5: 106,5-112,5 | AF5: 103,5-110 | AG5: 104,5-110
A6: груди (середнє) | B6: =IF(B5<>"", (VALUE(LEFT(B5, FIND("-", B5) - 1)) + VALUE(MID(B5, FIND("-", B5) + 1, LEN(B5)))) / 2, "") -> 106 | C6: =IF(C5<>"", (VALUE(LEFT(C5, FIND("-", C5) - 1)) + VALUE(MID(C5, FIND("-", C5) + 1, LEN(C5)))) / 2, "") -> 106 | D6: =IF(D5<>"", (VALUE(LEFT(D5, FIND("-", D5) - 1)) + VALUE(MID(D5, FIND("-", D5) + 1, LEN(D5)))) / 2, "") -> 108 | E6: =IF(E5<>"", (VALUE(LEFT(E5, FIND("-", E5) - 1)) + VALUE(MID(E5, FIND("-", E5) + 1, LEN(E5)))) / 2, "") -> 109 | F6: =IF(F5<>"", (VALUE(LEFT(F5, FIND("-", F5) - 1)) + VALUE(MID(F5, FIND("-", F5) + 1, LEN(F5)))) / 2, "") -> 110 | G6: =IF(G5<>"", (VALUE(LEFT(G5, FIND("-", G5) - 1)) + VALUE(MID(G5, FIND("-", G5) + 1, LEN(G5)))) / 2, "") -> 108.5 | H6: =IF(H5<>"", (VALUE(LEFT(H5, FIND("-", H5) - 1)) + VALUE(MID(H5, FIND("-", H5) + 1, LEN(H5)))) / 2, "") -> 105.5 | I6: =IF(I5<>"", (VALUE(LEFT(I5, FIND("-", I5) - 1)) + VALUE(MID(I5, FIND("-", I5) + 1, LEN(I5)))) / 2, "") -> 106.5 | ... AH6: =IF(AH5<>"", (VALUE(LEFT(AH5, FIND("-", AH5) - 1)) + VALUE(MID(AH5, FIND("-", AH5) + 1, LEN(AH5)))) / 2, "")
A7: рука (біцепс) | B7: 32 | C7: 35 | D7: 38.5 | E7: 36.5 | F7: 36 | G7: 37 | H7: 37 | I7: 36.9 | J7: 36.5 | K7: 38 | L7: 37.2 | M7: 38.4 | N7: 37.8 | O7: 37 | P7: 37.2 | Q7: 38.5 | R7: 36.8 | S7: 37.8 | T7: 40.5 | U7: 40 | V7: 39.5 | W7: 38 | X7: 34.5 | Y7: 36.7 | Z7: 36.5 | AA7: 36.5 | AB7: 36.5 | AC7: 37.5 | AD7: 38.4 | AE7: 37.7 | AF7: 38.3 | AG7: 37.3
A8: живіт видих / вдих | B8: 87-89 | C8: 91-93 | D8: 93-95 | E8: 99-101 | F8: 101-103 | G8: 96-101 | H8: 93,7-97,2 | I8: 93,3-98 | J8: 96-101,5 | K8: 93,5-98,7 | L8: 95,5-103 | M8: 96,5-101,5 | N8: 96,5-101,5 | O8: 98,5-104,5 | P8: 95-99,2 | Q8: 94-98,5 | R8: 96,4-100 | S8: 97-104 | T8: 100,5-107,5 | U8: 101-108 | V8: 100-103,5 | W8: 101,5-107,5 | X8: 96-102 | Y8: 98,5-104 | Z8: 96-102 | AA8: 92,5-97,5 | AB8: 92,5-97,5 | AC8: 94,5-99 | AD8: 97-101,5 | AE8: 97-101,5 | AF8: 94,5-99,5 | AG8: 91,5-95
A9: живіт (середнє) | B9: =IF(B8<>"", (VALUE(LEFT(B8, FIND("-", B8) - 1)) + VALUE(MID(B8, FIND("-", B8) + 1, LEN(B8)))) / 2, "") -> 88 | C9: =IF(C8<>"", (VALUE(LEFT(C8, FIND("-", C8) - 1)) + VALUE(MID(C8, FIND("-", C8) + 1, LEN(C8)))) / 2, "") -> 92 | D9: =IF(D8<>"", (VALUE(LEFT(D8, FIND("-", D8) - 1)) + VALUE(MID(D8, FIND("-", D8) + 1, LEN(D8)))) / 2, "") -> 94 | E9: =IF(E8<>"", (VALUE(LEFT(E8, FIND("-", E8) - 1)) + VALUE(MID(E8, FIND("-", E8) + 1, LEN(E8)))) / 2, "") -> 100 | F9: =IF(F8<>"", (VALUE(LEFT(F8, FIND("-", F8) - 1)) + VALUE(MID(F8, FIND("-", F8) + 1, LEN(F8)))) / 2, "") -> 102 | G9: =IF(G8<>"", (VALUE(LEFT(G8, FIND("-", G8) - 1)) + VALUE(MID(G8, FIND("-", G8) + 1, LEN(G8)))) / 2, "") -> 98.5 | H9: =IF(H8<>"", (VALUE(LEFT(H8, FIND("-", H8) - 1)) + VALUE(MID(H8, FIND("-", H8) + 1, LEN(H8)))) / 2, "") -> 95.45 | I9: =IF(I8<>"", (VALUE(LEFT(I8, FIND("-", I8) - 1)) + VALUE(MID(I8, FIND("-", I8) + 1, LEN(I8)))) / 2, "") -> 95.65 | ... AH9: =IF(AH8<>"", (VALUE(LEFT(AH8, FIND("-", AH8) - 1)) + VALUE(MID(AH8, FIND("-", AH8) + 1, LEN(AH8)))) / 2, "")
A10: шия (не актуально ) | B10: 38 | C10: 38 | D10: 38.2 | E10: 38.5 | F10: 40 | G10: 41.5 | H10: 39 | I10: 40.51 | J10: 42 | K10: 40.5 | L10: 40.5 | M10: 41 | N10: 41
A11: кість | B11: 17,5 | C11: 18 | D11: 18,2 | E11: 18 | F11: 18,5 | G11: 19 | H11: 19 | I11: 18.24 | J11: 19 | K11: 18.8 | L11: 19.1 | M11: 19.2 | N11: 19.2 | O11: 18.5 | P11: 19 | Q11: 19 | R11: 18.8 | S11: 18,8 | T11: 19 | U11: 19,2 | V11: 19,2 | W11: 19.2 | X11: 17.8 | Y11: 18 | Z11: 17.7 | AA11: 17.5 | AB11: 17.5 | AC11: 19.5 | AD11: 19.5 | AE11: 19.5 | AF11: 19 | AG11: 18.8
A12: сидниці | J12: 100.5 | K12: 104 | L12: 101.5 | M12: 102.5 | N12: 102.5 | O12: 103 | P12: 101 | Q12: 103.3 | R12: 103.3 | S12: 103 | T12: 106 | U12: 106 | V12: 105 | W12: 105 | X12: 101.5 | Y12: 103 | Z12: 103 | AA12: 99.3 | AB12: 99.3 | AC12: 101.5 | AD12: 102.5 | AE12: 103.5 | AF12: 102.3 | AG12: 102
A13: гомілка | L13: 39.4 | M13: 38.5 | N13: 38.5 | O13: 39 | P13: 38 | Q13: 38 | S13: 38.2 | T13: 38.5 | U13: 39 | V13: 39 | W13: 40 | X13: 37.5 | Y13: 38.4 | Z13: 35.6 | AA13: 35.6 | AB13: 35.6 | AC13: 38.5 | AD13: 38 | AE13: 38.8 | AF13: 38.5 | AG13: 38.8
A14: плечі | S14: 131 | T14: 129 | U14: 132.5
A15: Примітка | J15: начал ходить | K15: забросил | L15: начал ходить | M15: не ходжу до зали | N15: 2 місяці без: | O15: не ходжу до зали | P15: 1 місяць в залі | Q15: 2 м в залі | R15: 2 м без зала | S15: 20,12 пішов в зал | T15: 2 м в залі | U15: останне заняття в залі ( сумарно майже 3 місяці займався ) | W15: Крайні дні в Укр | X15: 3 місяці в Ам | Z15: 1,5 місяця в залі | AA15: Тиждень хворів | AB15: Сумарно хворів | AC15: Купив новий метр для вимірювання | AD15: 2 тижні на креатині | AF15: купив турнік в кінмату
N16: - алкоголю | P16: - 3,4 кг / -3,9 кг | AA16: і скинув 3,4 кг | AB16: місяць
N17: - солодкого | AB17: (антибіотики + ангіна )
N18: - мучного

Sheet Зміни
A1: =Data!A:A -> категорії \ рік | B1: =Data!B:B -> 41646 | C1: =Data!C:C -> 41935 | D1: =Data!D:D -> 42379 | E1: =Data!E:E -> 42752 | F1: =Data!F:F -> 43113 | G1: =Data!G:G -> 43888 | H1: =Data!H:H -> 44015 | I1: =Data!I:I -> 44064 | J1: =Data!J:J -> 44200 | K1: =Data!K:K -> 44264 | L1: =Data!L:L -> 44492 | M1: =Data!M:M -> 44569 | N1: =Data!N:N -> 44617 | O1: =Data!O:O -> 44703 | P1: =Data!P:P -> 44788 | Q1: =Data!Q:Q -> 44818 | R1: =Data!R:R -> 44888 | S1: =Data!S:S -> 44929 | T1: =Data!T:T -> 44986 | U1: =Data!U:U -> 45003 | V1: =Data!V:V -> 45081 | W1: =Data!W:W -> 45197 | X1: =Data!X:X -> 45308 | Y1: =Data!Y:Y -> 45519 | Z1: =Data!Z:Z -> 45687 | AA1: =Data!AA:AA -> 45733 | AC1: =Data!AC:AC -> 45799 | AD1: =Data!AD:AD -> 45841 | AE1: =Data!AE:AE -> 45897 | AF1: =Data!AF:AF -> 45972
A2: =Data!A:A -> зріст (не актуально ) | B2: =IF(Data!B2="", "", Data!B2) -> 195 | C2: 195 (0,0) | D2: 193 (-2,0) | E2: 192 (-1,0) | F2: 192 (0,0) | G2: 192 (0,0) | H2: 192 (0,0) | I2: 192 (0,0) | J2: 192 (0,0) | K2: 192 (0,0) | L2: 192 (0,0) | M2: 192 (0,0) | N2: 192 (0,0) | O2: 192 (0,0) | P2: 192 (0,0) | Q2: 192 (0,0) | R2: 192 (0,0) | S2: 192 (0,0) | T2: 192 (0,0) | U2: 192 (0,0) | V2: 192 (0,0) | W2: 192 (0,0) | X2: 192 (0,0) | Y2: 192 (0,0) | Z2: 192 (0,0) | AA2: 192 (0,0) | AC2: 192 (0,0)
A3: =Data!A:A -> вага (кг) | B3: =IF(Data!B3="", "", Data!B3) -> 87 | C3: 87 (0,0) | D3: 95 (+8,0) | E3: 96 (+1,0) | F3: 95 (-1,0) | G3: 94,5 (-0,5) | H3: 89,9 (-4,6) | I3: 91,5 (+1,6) | J3: 92,9 (+1,4) | K3: =IF(AND(Data!K3<>"", Data!J3<>""), Data!K3 & " (" & IF(Data!K3 - Data!J3 > 0, "+", "") & TEXT(Data!K3 - Data!J3, "0.0") & ")", "") | L3: =IF(AND(Data!L3<>"", Data!K3<>""), Data!L3 & " (" & IF(Data!L3 - Data!K3 > 0, "+", "") & TEXT(Data!L3 - Data!K3, "0.0") & ")", "") | M3: 94,4 (+1,5) | N3: 93,3 (-1,1) | O3: 94,5 (+1,2) | P3: 92,3 (-2,2) | Q3: 92,8 (+0,5) | R3: 92 (-0,8) | S3: 96,3 (+4,3) | T3: 101 (+4,7) | U3: 102 (+1,0) | V3: 98,8 (-3,2) | W3: 99,8 (+1,0) | X3: 95 (-4,8) | Y3: 97,5 (+2,5) | Z3: 94,55 (-3,0) | AA3: 91 (-3,6) | AB3: 89,4 (-1,6) | AC3: 89,95 (+0,5)
A4: =Data!A:A -> стегно | B4: =IF(Data!B4="", "", Data!B4) -> 56 | C4: 56 (0,0) | D4: 59,5 (+3,5) | E4: 58 (-1,5) | F4: 57 (-1,0) | G4: 58 (+1,0) | H4: 57,2 (-0,8) | I4: 58,1 (+0,9) | J4: 57,5 (-0,6) | K4: 59,7 (+2,2) | L4: 59 (-0,7) | M4: 59 (0,0) | N4: 59 (0,0) | O4: 59.1 | P4: 58,3 (-0,8) | Q4: 58,8 (+0,5) | R4: 56,5 (-2,3) | S4: 58,8 (+2,3) | T4: 59,5 (+0,7) | U4: 61,3 (+1,8) | V4: 59,3 (-2,0) | W4: 59,3 (0,0) | X4: 57 (-2,3) | Y4: 56,8 (-0,2) | Z4: 58 (+1,2) | AA4: 55 (-3,0) | AC4: 58 (+3,0)
A5: =Data!A:A -> груди видих / вдих | O5: =IF(AND(Data!O5<>"", Data!N5<>""), Data!O5 & " (" & IF(Data!O5 - Data!N5 > 0, "+", "") & TEXT(Data!O5 - Data!N5, "0.0") & ")", "") -> #VALUE!
A6: =Data!A:A -> груди (середнє) | B6: =IF(Data!B6="", "", Data!B6) -> 106 | C6: 106 (0,0) | D6: 108 (+2,0) | E6: 109 (+1,0) | F6: 110 (+1,0) | G6: 108,5 (-1,5) | H6: 105,5 (-3,0) | I6: 106,5 (+1,0) | J6: 105,5 (-1,0) | K6: 106,45 (+1,0) | L6: 106,25 (-0,2) | M6: 106,5 (+0,3) | N6: 106,5 (0,0) | O6: 107.25 | P6: 103,5 (-3,8) | Q6: 104,3 (+0,8) | R6: 105,8 (+1,5) | S6: 105,75 (0,0) | T6: 106,5 (+0,8) | U6: 108,75 (+2,3) | V6: 106 (-2,8) | W6: 106,75 (+0,8) | X6: 102 (-4,8) | Y6: 104,65 (+2,7) | Z6: 105,5 (+0,8) | AA6: 103,75 (-1,8) | AC6: 106,9 (+3,2)
A7: =Data!A:A -> рука (біцепс) | B7: =IF(Data!B7="", "", Data!B7) -> 32 | C7: 35 (+3,0) | D7: 38,5 (+3,5) | E7: 36,5 (-2,0) | F7: 36 (-0,5) | G7: 37 (+1,0) | H7: 37 (0,0) | I7: 36,9 (-0,1) | J7: 36,5 (-0,4) | K7: 38 (+1,5) | L7: 37,2 (-0,8) | M7: 38,4 (+1,2) | N7: 37,8 (-0,6) | O7: 37 (-0,8) | P7: 37,2 (+0,2) | Q7: 38,5 (+1,3) | R7: 36,8 (-1,7) | S7: 37,8 (+1,0) | T7: 40,5 (+2,7) | U7: 40 (-0,5) | V7: 39,5 (-0,5) | W7: 38 (-1,5) | X7: 34,5 (-3,5) | Y7: 36,7 (+2,2) | Z7: 36,5 (-0,2) | AA7: 36,5 (0,0) | AC7: 37,5 (+1,0)
A8: =Data!A:A -> живіт видих / вдих | O8: =IF(AND(Data!O8<>"", Data!N8<>""), Data!O8 & " (" & IF(Data!O8 - Data!N8 > 0, "+", "") & TEXT(Data!O8 - Data!N8, "0.0") & ")", "") -> #VALUE!
A9: =Data!A:A -> живіт (середнє) | B9: =IF(Data!B9="", "", Data!B9) -> 88 | C9: 92 (+4,0) | D9: 94 (+2,0) | E9: 100 (+6,0) | F9: 102 (+2,0) | G9: 98,5 (-3,5) | H9: 95,45 (-3,1) | I9: 95,65 (+0,2) | J9: 98,75 (+3,1) | K9: 96,1 (-2,7) | L9: 99,25 (+3,2) | M9: 99 (-0,3) | N9: 99 (0,0) | O9: 101.5 | P9: 97,1 (-4,4) | Q9: 96,25 (-0,8) | R9: 98,2 (+2,0) | S9: 100,5 (+2,3) | T9: 104 (+3,5) | U9: 104,5 (+0,5) | V9: 101,75 (-2,8) | W9: 104,5 (+2,8) | X9: 99 (-5,5) | Y9: 101,25 (+2,3) | Z9: 99 (-2,3) | AA9: 95 (-4,0) | AC9: 96,75 (+1,8)
A10: =Data!A:A -> шия (не актуально ) | B10: =IF(Data!B10="", "", Data!B10) -> 38 | C10: 38 (0,0) | D10: 38,2 (+0,2) | E10: 38,5 (+0,3) | F10: 40 (+1,5) | G10: 41,5 (+1,5) | H10: 39 (-2,5) | I10: 40,51 (+1,5) | J10: 42 (+1,5) | K10: 40,5 (-1,5) | L10: 40,5 (0,0) | M10: 41 (+0,5) | N10: 41 (0,0) | O10: =IF(AND(Data!O10<>"", Data!N10<>""), Data!O10 & " (" & IF(Data!O10 - Data!N10 > 0, "+", "") & TEXT(Data!O10 - Data!N10, "0.0") & ")", "") | P10: =IF(AND(Data!P10<>"", Data!O10<>""), Data!P10 & " (" & IF(Data!P10 - Data!O10 > 0, "+", "") & TEXT(Data!P10 - Data!O10, "0.0") & ")", "") | Q10: =IF(AND(Data!Q10<>"", Data!P10<>""), Data!Q10 & " (" & IF(Data!Q10 - Data!P10 > 0, "+", "") & TEXT(Data!Q10 - Data!P10, "0.0") & ")", "") | R10: =IF(AND(Data!R10<>"", Data!Q10<>""), Data!R10 & " (" & IF(Data!R10 - Data!Q10 > 0, "+", "") & TEXT(Data!R10 - Data!Q10, "0.0") & ")", "") | S10: =IF(AND(Data!S10<>"", Data!R10<>""), Data!S10 & " (" & IF(Data!S10 - Data!R10 > 0, "+", "") & TEXT(Data!S10 - Data!R10, "0.0") & ")", "") | T10: =IF(AND(Data!T10<>"", Data!S10<>""), Data!T10 & " (" & IF(Data!T10 - Data!S10 > 0, "+", "") & TEXT(Data!T10 - Data!S10, "0.0") & ")", "") | U10: =IF(AND(Data!U10<>"", Data!T10<>""), Data!U10 & " (" & IF(Data!U10 - Data!T10 > 0, "+", "") & TEXT(Data!U10 - Data!T10, "0.0") & ")", "") | V10: =IF(AND(Data!V10<>"", Data!U10<>""), Data!V10 & " (" & IF(Data!V10 - Data!U10 > 0, "+", "") & TEXT(Data!V10 - Data!U10, "0.0") & ")", "") | ... AA10: =IF(AND(Data!AA10<>"", Data!Z10<>""), Data!AA10 & " (" & IF(Data!AA10 - Data!Z10 > 0, "+", "") & TEXT(Data!AA10 - Data!Z10, "0.0") & ")", "") | AC10: =IF(AND(Data!AC10<>"", Data!AA10<>""), Data!AC10 & " (" & IF(Data!AC10 - Data!AA10 > 0, "+", "") & TEXT(Data!AC10 - Data!AA10, "0.0") & ")", "")
A11: =Data!A:A -> кість | B11: =IF(Data!B11="", "", Data!B11) -> 17,5 | C11: 18 (+0,5) | D11: 18,2 (+0,2) | E11: 18 (-0,2) | F11: 18,5 (+0,5) | G11: 19 (+0,5) | H11: 19 (0,0) | I11: 18,24 (-0,8) | J11: 19 (+0,8) | K11: 18,8 (-0,2) | L11: 19,1 (+0,3) | M11: 19,2 (+0,1) | N11: 19,2 (0,0) | O11: 18.5 | P11: 19 (+0,5) | Q11: 19 (0,0) | R11: 18,8 (-0,2) | S11: 18,8 (0,0) | T11: 19 (+0,2) | U11: 19,2 (+0,2) | V11: 19,2 (0,0) | W11: 19,2 (0,0) | X11: 17,8 (-1,4) | Y11: 18 (+0,2) | Z11: 17,7 (-0,3) | AA11: 17,5 (-0,2) | AC11: 19,5 (+2,0)
A12: =Data!A:A -> сидниці | B12: =IF(Data!B12="", "", Data!B12) | C12: =IF(AND(Data!C12<>"", Data!B12<>""), Data!C12 & " (" & IF(Data!C12 - Data!B12 > 0, "+", "") & TEXT(Data!C12 - Data!B12, "0.0") & ")", "") | D12: =IF(AND(Data!D12<>"", Data!C12<>""), Data!D12 & " (" & IF(Data!D12 - Data!C12 > 0, "+", "") & TEXT(Data!D12 - Data!C12, "0.0") & ")", "") | E12: =IF(AND(Data!E12<>"", Data!D12<>""), Data!E12 & " (" & IF(Data!E12 - Data!D12 > 0, "+", "") & TEXT(Data!E12 - Data!D12, "0.0") & ")", "") | F12: =IF(AND(Data!F12<>"", Data!E12<>""), Data!F12 & " (" & IF(Data!F12 - Data!E12 > 0, "+", "") & TEXT(Data!F12 - Data!E12, "0.0") & ")", "") | G12: =IF(AND(Data!G12<>"", Data!F12<>""), Data!G12 & " (" & IF(Data!G12 - Data!F12 > 0, "+", "") & TEXT(Data!G12 - Data!F12, "0.0") & ")", "") | H12: =IF(AND(Data!H12<>"", Data!G12<>""), Data!H12 & " (" & IF(Data!H12 - Data!G12 > 0, "+", "") & TEXT(Data!H12 - Data!G12, "0.0") & ")", "") | I12: =IF(AND(Data!I12<>"", Data!H12<>""), Data!I12 & " (" & IF(Data!I12 - Data!H12 > 0, "+", "") & TEXT(Data!I12 - Data!H12, "0.0") & ")", "") | J12: =IF(AND(Data!J12<>"", Data!I12<>""), Data!J12 & " (" & IF(Data!J12 - Data!I12 > 0, "+", "") & TEXT(Data!J12 - Data!I12, "0.0") & ")", "") | K12: 104 (+3,5) | L12: 101,5 (-2,5) | M12: 102,5 (+1,0) | N12: 102,5 (0,0) | O12: 103 | P12: 101 (-2,0) | Q12: 103,3 (+2,3) | R12: 103,3 (0,0) | S12: 103 (-0,3) | T12: 106 (+3,0) | U12: 106 (0,0) | V12: 105 (-1,0) | W12: 105 (0,0) | X12: 101,5 (-3,5) | Y12: 103 (+1,5) | Z12: 103 (0,0) | AA12: 99,3 (-3,7) | AC12: 101,5 (+2,2)
A13: =Data!A:A -> гомілка | B13: =IF(Data!B13="", "", Data!B13) | C13: =IF(AND(Data!C13<>"", Data!B13<>""), Data!C13 & " (" & IF(Data!C13 - Data!B13 > 0, "+", "") & TEXT(Data!C13 - Data!B13, "0.0") & ")", "") | D13: =IF(AND(Data!D13<>"", Data!C13<>""), Data!D13 & " (" & IF(Data!D13 - Data!C13 > 0, "+", "") & TEXT(Data!D13 - Data!C13, "0.0") & ")", "") | E13: =IF(AND(Data!E13<>"", Data!D13<>""), Data!E13 & " (" & IF(Data!E13 - Data!D13 > 0, "+", "") & TEXT(Data!E13 - Data!D13, "0.0") & ")", "") | F13: =IF(AND(Data!F13<>"", Data!E13<>""), Data!F13 & " (" & IF(Data!F13 - Data!E13 > 0, "+", "") & TEXT(Data!F13 - Data!E13, "0.0") & ")", "") | G13: =IF(AND(Data!G13<>"", Data!F13<>""), Data!G13 & " (" & IF(Data!G13 - Data!F13 > 0, "+", "") & TEXT(Data!G13 - Data!F13, "0.0") & ")", "") | H13: =IF(AND(Data!H13<>"", Data!G13<>""), Data!H13 & " (" & IF(Data!H13 - Data!G13 > 0, "+", "") & TEXT(Data!H13 - Data!G13, "0.0") & ")", "") | I13: =IF(AND(Data!I13<>"", Data!H13<>""), Data!I13 & " (" & IF(Data!I13 - Data!H13 > 0, "+", "") & TEXT(Data!I13 - Data!H13, "0.0") & ")", "") | J13: =IF(AND(Data!J13<>"", Data!I13<>""), Data!J13 & " (" & IF(Data!J13 - Data!I13 > 0, "+", "") & TEXT(Data!J13 - Data!I13, "0.0") & ")", "") | ... L13: =IF(AND(Data!L13<>"", Data!K13<>""), Data!L13 & " (" & IF(Data!L13 - Data!K13 > 0, "+", "") & TEXT(Data!L13 - Data!K13, "0.0") & ")", "") | M13: 38,5 (-0,9) | N13: 38,5 (0,0) | O13: 39 | P13: 38 (-1,0) | Q13: 38 (0,0) | R13: =IF(AND(Data!R13<>"", Data!Q13<>""), Data!R13 & " (" & IF(Data!R13 - Data!Q13 > 0, "+", "") & TEXT(Data!R13 - Data!Q13, "0.0") & ")", "") | S13: =IF(AND(Data!S13<>"", Data!R13<>""), Data!S13 & " (" & IF(Data!S13 - Data!R13 > 0, "+", "") & TEXT(Data!S13 - Data!R13, "0.0") & ")", "") | T13: 38,5 (+0,3) | U13: 39 (+0,5) | V13: 39 (0,0) | W13: 40 (+1,0) | X13: 37,5 (-2,5) | Y13: 38,4 (+0,9) | Z13: 35,6 (-2,8) | AA13: 35,6 (0,0) | AC13: 38,5 (+2,9)
A14: =Data!A:A -> плечі | B14: =IF(Data!B14="", "", Data!B14) | C14: =IF(AND(Data!C14<>"", Data!B14<>""), Data!C14 & " (" & IF(Data!C14 - Data!B14 > 0, "+", "") & TEXT(Data!C14 - Data!B14, "0.0") & ")", "") | D14: =IF(AND(Data!D14<>"", Data!C14<>""), Data!D14 & " (" & IF(Data!D14 - Data!C14 > 0, "+", "") & TEXT(Data!D14 - Data!C14, "0.0") & ")", "") | E14: =IF(AND(Data!E14<>"", Data!D14<>""), Data!E14 & " (" & IF(Data!E14 - Data!D14 > 0, "+", "") & TEXT(Data!E14 - Data!D14, "0.0") & ")", "") | F14: =IF(AND(Data!F14<>"", Data!E14<>""), Data!F14 & " (" & IF(Data!F14 - Data!E14 > 0, "+", "") & TEXT(Data!F14 - Data!E14, "0.0") & ")", "") | G14: =IF(AND(Data!G14<>"", Data!F14<>""), Data!G14 & " (" & IF(Data!G14 - Data!F14 > 0, "+", "") & TEXT(Data!G14 - Data!F14, "0.0") & ")", "") | H14: =IF(AND(Data!H14<>"", Data!G14<>""), Data!H14 & " (" & IF(Data!H14 - Data!G14 > 0, "+", "") & TEXT(Data!H14 - Data!G14, "0.0") & ")", "") | I14: =IF(AND(Data!I14<>"", Data!H14<>""), Data!I14 & " (" & IF(Data!I14 - Data!H14 > 0, "+", "") & TEXT(Data!I14 - Data!H14, "0.0") & ")", "") | J14: =IF(AND(Data!J14<>"", Data!I14<>""), Data!J14 & " (" & IF(Data!J14 - Data!I14 > 0, "+", "") & TEXT(Data!J14 - Data!I14, "0.0") & ")", "") | ... N14: =IF(AND(Data!N14<>"", Data!M14<>""), Data!N14 & " (" & IF(Data!N14 - Data!M14 > 0, "+", "") & TEXT(Data!N14 - Data!M14, "0.0") & ")", "") | O14: =Data!O:O | P14: =IF(AND(Data!P14<>"", Data!O14<>""), Data!P14 & " (" & IF(Data!P14 - Data!O14 > 0, "+", "") & TEXT(Data!P14 - Data!O14, "0.0") & ")", "") | Q14: =IF(AND(Data!Q14<>"", Data!P14<>""), Data!Q14 & " (" & IF(Data!Q14 - Data!P14 > 0, "+", "") & TEXT(Data!Q14 - Data!P14, "0.0") & ")", "") | R14: =IF(AND(Data!R14<>"", Data!Q14<>""), Data!R14 & " (" & IF(Data!R14 - Data!Q14 > 0, "+", "") & TEXT(Data!R14 - Data!Q14, "0.0") & ")", "") | S14: =IF(AND(Data!S14<>"", Data!R14<>""), Data!S14 & " (" & IF(Data!S14 - Data!R14 > 0, "+", "") & TEXT(Data!S14 - Data!R14, "0.0") & ")", "") | T14: 129 (-2,0) | U14: 132,5 (+3,5) | V14: =IF(AND(Data!V14<>"", Data!U14<>""), Data!V14 & " (" & IF(Data!V14 - Data!U14 > 0, "+", "") & TEXT(Data!V14 - Data!U14, "0.0") & ")", "") | W14: =IF(AND(Data!W14<>"", Data!V14<>""), Data!W14 & " (" & IF(Data!W14 - Data!V14 > 0, "+", "") & TEXT(Data!W14 - Data!V14, "0.0") & ")", "") | X14: =IF(AND(Data!X14<>"", Data!W14<>""), Data!X14 & " (" & IF(Data!X14 - Data!W14 > 0, "+", "") & TEXT(Data!X14 - Data!W14, "0.0") & ")", "") | Y14: =IF(AND(Data!Y14<>"", Data!X14<>""), Data!Y14 & " (" & IF(Data!Y14 - Data!X14 > 0, "+", "") & TEXT(Data!Y14 - Data!X14, "0.0") & ")", "") | Z14: =IF(AND(Data!Z14<>"", Data!Y14<>""), Data!Z14 & " (" & IF(Data!Z14 - Data!Y14 > 0, "+", "") & TEXT(Data!Z14 - Data!Y14, "0.0") & ")", "") | AA14: =IF(AND(Data!AA14<>"", Data!Z14<>""), Data!AA14 & " (" & IF(Data!AA14 - Data!Z14 > 0, "+", "") & TEXT(Data!AA14 - Data!Z14, "0.0") & ")", "") | AC14: =IF(AND(Data!AC14<>"", Data!AA14<>""), Data!AC14 & " (" & IF(Data!AC14 - Data!AA14 > 0, "+", "") & TEXT(Data!AC14 - Data!AA14, "0.0") & ")", "")
A15: =Data!A:A -> Примітка | B15: =Data!B:B | C15: =Data!C:C | D15: =Data!D:D | E15: =Data!E:E | F15: =Data!F:F | G15: =Data!G:G | H15: =Data!H:H | I15: =Data!I:I | J15: =Data!J:J -> начал ходить | K15: =Data!K:K -> забросил | L15: =Data!L:L -> начал ходить | M15: =Data!M:M -> не ходжу до зали | N15: =Data!N:N -> 2 місяці без: | O15: =Data!O:O -> не ходжу до зали | P15: =Data!P:P -> 1 місяць в залі | Q15: =Data!Q:Q -> 2 м в залі | R15: =Data!R:R -> 2 м без зала | S15: =Data!S:S -> 20,12 пішов в зал | T15: =Data!T:T -> 2 м в залі | U15: =Data!U:U -> останне заняття в залі ( сумарно майже 3 місяці займався ) | V15: =Data!V:V | W15: =Data!W:W -> Крайні дні в Укр | X15: =Data!X:X -> 3 місяці в Ам | Y15: =Data!Y:Y | Z15: =Data!Z:Z -> 1,5 місяця в залі | AA15: =Data!AA:AA -> Тиждень хворів | AB15: =Data!AB:AB -> Сумарно хворів | AC15: =Data!AC:AC -> Купив новий метр для вимірювання | AD15: =Data!AD:AD -> 2 тижні на креатині | AF15: =IF(Data!AE15="", "", Data!AE15) | AG15: =IF(Data!AF15="", "", Data!AF15) -> купив турнік в кінмату
A16: =Data!A:A | E16: =Data!E:E | F16: =Data!F:F | G16: =Data!G:G | H16: =Data!H:H | I16: =Data!I:I | J16: =Data!J:J | K16: =Data!K:K | L16: =Data!L:L | M16: =Data!M:M | N16: =Data!N:N -> - алкоголю | O16: =Data!O:O | P16: =Data!P:P -> - 3,4 кг / -3,9 кг | Q16: =Data!Q:Q | R16: =Data!R:R | S16: =Data!S:S | T16: =Data!T:T | U16: =Data!U:U | V16: =Data!V:V | W16: =Data!W:W | X16: =Data!X:X | Z16: =Data!Z:Z | AA16: =Data!AA:AA -> і скинув 3,4 кг | AB16: =Data!AB:AB -> місяць | AC16: =Data!AC:AC | AF16: =IF(Data!AE16="", "", Data!AE16) | AG16: =IF(Data!AF16="", "", Data!AF16)
A17: =Data!A:A | E17: =Data!E:E | F17: =Data!F:F | G17: =Data!G:G | H17: =Data!H:H | I17: =Data!I:I | J17: =Data!J:J | K17: =Data!K:K | L17: =Data!L:L | M17: =Data!M:M | N17: =Data!N:N -> - солодкого | O17: =Data!O:O | P17: =Data!P:P | Q17: =Data!Q:Q | R17: =Data!R:R | S17: =Data!S:S | T17: =Data!T:T | U17: =Data!U:U | V17: =Data!V:V | W17: =Data!W:W | X17: =Data!X:X | Z17: =Data!Z:Z | AA17: =Data!AA:AA | AB17: =Data!AB:AB -> (антибіотики + ангіна ) | AC17: =Data!AC:AC | AF17: =IF(Data!AE17="", "", Data!AE17) | AG17: =IF(Data!AF17="", "", Data!AF17)
B18: =IF(Data!B18="", "", Data!B18) | C18: =IF(Data!C18="", "", Data!C18) | D18: =IF(Data!D18="", "", Data!D18) | E18: =IF(Data!E18="", "", Data!E18) | F18: =IF(Data!F18="", "", Data!F18) | G18: =IF(Data!G18="", "", Data!G18) | H18: =IF(Data!H18="", "", Data!H18) | I18: =IF(Data!I18="", "", Data!I18) | ... M18: =IF(Data!M18="", "", Data!M18) | O18: =Data!O:O | P18: =IF(Data!O18="", "", Data!O18) | Q18: =IF(Data!P18="", "", Data!P18) | R18: =IF(Data!Q18="", "", Data!Q18) | S18: =IF(Data!R18="", "", Data!R18) | T18: =IF(Data!S18="", "", Data!S18) | U18: =IF(Data!T18="", "", Data!T18) | V18: =IF(Data!U18="", "", Data!U18) | W18: =IF(Data!V18="", "", Data!V18) | ... AA18: =IF(Data!Z18="", "", Data!Z18) | AC18: =Data!AC:AC | AD18: =IF(Data!AC18="", "", Data!AC18) | AE18: =IF(Data!AD18="", "", Data!AD18) | AF18: =IF(Data!AE18="", "", Data!AE18) | AG18: =IF(Data!AF18="", "", Data!AF18)
B19: =IF(Data!B19="", "", Data!B19) | C19: =IF(AND(Data!C19<>"", Data!B19<>""), Data!C19 & " (" & IF(Data!C19 - Data!B19 > 0, "+", "") & TEXT(Data!C19 - Data!B19, "0.0") & ")", "") | AD19: =IF(Data!AC19="", "", Data!AC19) | AE19: =IF(Data!AD19="", "", Data!AD19) | AF19: =IF(Data!AE19="", "", Data!AE19) | AG19: =IF(Data!AF19="", "", Data!AF19)
A20: Формула | B20: "=IF(AND('Дані'!C2<>""; 'Дані'!B2<>""); 'Дані'!C2 & " (" & IF('Дані'!C2 - 'Дані'!B2 > 0; "+"; "") & TEXT('Дані'!C2 - 'Дані'!B2; "0.0") & ")"; "")" | C20: =IF(AND(Data!C20<>"", Data!B20<>""), Data!C20 & " (" & IF(Data!C20 - Data!B20 > 0, "+", "") & TEXT(Data!C20 - Data!B20, "0.0") & ")", "")
C21: =IF(AND(Data!C21<>"", Data!B21<>""), Data!C21 & " (" & IF(Data!C21 - Data!B21 > 0, "+", "") & TEXT(Data!C21 - Data!B21, "0.0") & ")", "")
C22: =IF(AND(Data!C22<>"", Data!B22<>""), Data!C22 & " (" & IF(Data!C22 - Data!B22 > 0, "+", "") & TEXT(Data!C22 - Data!B22, "0.0") & ")", "")
C23: =IF(AND(Data!C23<>"", Data!B23<>""), Data!C23 & " (" & IF(Data!C23 - Data!B23 > 0, "+", "") & TEXT(Data!C23 - Data!B23, "0.0") & ")", "")
C24: =IF(AND(Data!C24<>"", Data!B24<>""), Data!C24 & " (" & IF(Data!C24 - Data!B24 > 0, "+", "") & TEXT(Data!C24 - Data!B24, "0.0") & ")", "")

Sheet Фінальні данні
A1: Категорія | B1: 41646 | C1: 41935 | D1: 42379 | E1: 42752 | F1: 43113 | G1: 43888 | H1: 44015 | I1: 44064 | J1: 44200 | K1: 44264 | L1: 44492 | M1: 44569 | N1: 44617 | O1: 44703 | P1: 44788 | Q1: 44818 | R1: 44888 | S1: 44929 | T1: 44986 | U1: 45003 | V1: 45081 | W1: 45197 | X1: 45308 | Y1: 45519 | Z1: 45687 | AA1: 45733 | AB1: 45750 | AC1: 45799 | AD1: 45841 | AE1: 45897 | AF1: 45972 | AG1: 46022
A2: зріст (не актуально ) | B2: 195 | C2: 195 | D2: 193 | E2: 192 | F2: 192 | G2: 192 | H2: 192 | I2: 192 | J2: 192 | K2: 192 | L2: 192 | M2: 192 | N2: 192 | O2: 192 | P2: 192 | Q2: 192 | R2: 192 | S2: 192 | T2: 192 | U2: 192 | V2: 192 | W2: 192 | X2: 192 | Y2: 192 | Z2: 192 | AA2: 192 | AB2: 192 | AC2: 192 | AD2: 192 | AE2: 192 | AF2: 192 | AG2: 192
A3: вага (кг) | B3: 87 | C3: 87,0 (0,0) | D3: 95,0 (+8,0) | E3: 96,0 (+1,0) | F3: 95,0 (-1,0) | G3: 94,5 (-0,5) | H3: 89,9 (-4,6) | I3: 91,5 (+1,6) | J3: 92,9 (+1,4) | L3: 92,9 (0,0) | M3: 94,4 (+1,5) | N3: 93,3 (-1,1) | O3: 94,5 (+1,2) | P3: 92,3 (-2,2) | Q3: 92,8 (+0,5) | R3: 92,0 (-0,8) | S3: 96,3 (+4,3) | T3: 101,0 (+4,7) | U3: 102,0 (+1,0) | V3: 98,8 (-3,2) | W3: 99,8 (+1,0) | X3: 95,0 (-4,8) | Y3: 97,5 (+2,5) | Z3: 94,5 (-3,0) | AA3: 91,0 (-3,5) | AB3: 89,4 (-1,6) | AC3: 90,0 (+0,5) | AD3: 94,0 (+4,0) | AE3: 95,0 (+1,0) | AF3: 90,0 (-5,0) | AG3: 87,8 (-2,3)
A4: стегно | B4: 56 | C4: 56,0 (0,0) | D4: 59,5 (+3,5) | E4: 58,0 (-1,5) | F4: 57,0 (-1,0) | G4: 58,0 (+1,0) | H4: 57,2 (-0,8) | I4: 58,1 (+0,9) | J4: 57,5 (-0,6) | K4: 59,7 (+2,2) | L4: 59,0 (-0,7) | M4: 59,0 (0,0) | N4: 59,0 (0,0) | O4: 59,1 (+0,1) | P4: 58,3 (-0,8) | Q4: 58,8 (+0,5) | R4: 56,5 (-2,3) | S4: 58,8 (+2,3) | T4: 59,5 (+0,7) | U4: 61,3 (+1,8) | V4: 59,3 (-2,0) | W4: 59,3 (0,0) | X4: 57,0 (-2,3) | Y4: 56,8 (-0,2) | Z4: 58,0 (+1,2) | AA4: 55,0 (-3,0) | AB4: 55,0 (0,0) | AC4: 58,0 (+3,0) | AD4: 58,5 (+0,5) | AE4: 58,0 (-0,5) | AF4: 57,0 (-1,0) | AG4: 56,2 (-0,8)
A6: груди (середнє) | B6: 106 | C6: 106,0 (0,0) | D6: 108,0 (+2,0) | E6: 109,0 (+1,0) | F6: 110,0 (+1,0) | G6: 108,5 (-1,5) | H6: 105,5 (-3,0) | I6: 106,5 (+1,0) | J6: 105,5 (-1,0) | K6: 106,5 (+1,0) | L6: 106,3 (-0,2) | M6: 106,5 (+0,3) | N6: 106,5 (0,0) | O6: 107,3 (+0,8) | P6: 103,5 (-3,8) | Q6: 104,3 (+0,8) | R6: 105,8 (+1,5) | S6: 105,8 (-0,0) | T6: 106,5 (+0,8) | U6: 108,8 (+2,3) | V6: 106,0 (-2,8) | W6: 106,8 (+0,8) | X6: 102,0 (-4,8) | Y6: 104,7 (+2,7) | Z6: 105,5 (+0,8) | AA6: 103,8 (-1,8) | AB6: 103,8 (0,0) | AC6: 106,9 (+3,2) | AD6: 109,5 (+2,6) | AE6: 109,5 (0,0) | AF6: 106,8 (-2,8) | AG6: 107,3 (+0,5)
A7: рука (біцепс) | B7: 32 | C7: 35,0 (+3,0) | D7: 38,5 (+3,5) | E7: 36,5 (-2,0) | F7: 36,0 (-0,5) | G7: 37,0 (+1,0) | H7: 37,0 (0,0) | I7: 36,9 (-0,1) | J7: 36,5 (-0,4) | K7: 38,0 (+1,5) | L7: 37,2 (-0,8) | M7: 38,4 (+1,2) | N7: 37,8 (-0,6) | O7: 37,0 (-0,8) | P7: 37,2 (+0,2) | Q7: 38,5 (+1,3) | R7: 36,8 (-1,7) | S7: 37,8 (+1,0) | T7: 40,5 (+2,7) | U7: 40,0 (-0,5) | V7: 39,5 (-0,5) | W7: 38,0 (-1,5) | X7: 34,5 (-3,5) | Y7: 36,7 (+2,2) | Z7: 36,5 (-0,2) | AA7: 36,5 (0,0) | AB7: 36,5 (0,0) | AC7: 37,5 (+1,0) | AD7: 38,4 (+0,9) | AE7: 37,7 (-0,7) | AF7: 38,3 (+0,6) | AG7: 37,3 (-1,0)
A9: живіт (середнє) | B9: 88 | C9: 92,0 (+4,0) | D9: 94,0 (+2,0) | E9: 100,0 (+6,0) | F9: 102,0 (+2,0) | G9: 98,5 (-3,5) | H9: 95,5 (-3,0) | I9: 95,7 (+0,2) | J9: 98,8 (+3,1) | K9: 96,1 (-2,7) | L9: 99,3 (+3,2) | M9: 99,0 (-0,3) | N9: 99,0 (0,0) | O9: 101,5 (+2,5) | P9: 97,1 (-4,4) | Q9: 96,3 (-0,8) | R9: 98,2 (+2,0) | S9: 100,5 (+2,3) | T9: 104,0 (+3,5) | U9: 104,5 (+0,5) | V9: 101,8 (-2,8) | W9: 104,5 (+2,8) | X9: 99,0 (-5,5) | Y9: 101,3 (+2,3) | Z9: 99,0 (-2,3) | AA9: 95,0 (-4,0) | AB9: 95,0 (0,0) | AC9: 96,8 (+1,8) | AD9: 99,3 (+2,5) | AE9: 99,3 (0,0) | AF9: 97,0 (-2,3) | AG9: 93,3 (-3,8)
A10: шия (не актуально ) | B10: 38 | C10: 38,0 (0,0) | D10: 38,2 (+0,2) | E10: 38,5 (+0,3) | F10: 40,0 (+1,5) | G10: 41,5 (+1,5) | H10: 39,0 (-2,5) | I10: 40,5 (+1,5) | J10: 42,0 (+1,5) | K10: 40,5 (-1,5) | L10: 40,5 (0,0) | M10: 41,0 (+0,5) | N10: 41,0 (0,0)
A11: кість | B11: 17.5 | C11: 18,0 (+0,5) | D11: 18,2 (+0,2) | E11: 18,0 (-0,2) | F11: 18,5 (+0,5) | G11: 19,0 (+0,5) | H11: 19,0 (0,0) | I11: 18,2 (-0,8) | J11: 19,0 (+0,8) | K11: 18,8 (-0,2) | L11: 19,1 (+0,3) | M11: 19,2 (+0,1) | N11: 19,2 (0,0) | O11: 18,5 (-0,7) | P11: 19,0 (+0,5) | Q11: 19,0 (0,0) | R11: 18,8 (-0,2) | S11: 18,8 (0,0) | T11: 19,0 (+0,2) | U11: 19,2 (+0,2) | V11: 19,2 (0,0) | W11: 19,2 (0,0) | X11: 17,8 (-1,4) | Y11: 18,0 (+0,2) | Z11: 17,7 (-0,3) | AA11: 17,5 (-0,2) | AB11: 17,5 (0,0) | AC11: 19,5 (+2,0) | AD11: 19,5 (0,0) | AE11: 19,5 (0,0) | AF11: 19,0 (-0,5) | AG11: 18,8 (-0,2)
A12: сидниці | J12: 100.5 | K12: 104,0 (+3,5) | L12: 101,5 (-2,5) | M12: 102,5 (+1,0) | N12: 102,5 (0,0) | O12: 103,0 (+0,5) | P12: 101,0 (-2,0) | Q12: 103,3 (+2,3) | R12: 103,3 (0,0) | S12: 103,0 (-0,3) | T12: 106,0 (+3,0) | U12: 106,0 (0,0) | V12: 105,0 (-1,0) | W12: 105,0 (0,0) | X12: 101,5 (-3,5) | Y12: 103,0 (+1,5) | Z12: 103,0 (0,0) | AA12: 99,3 (-3,7) | AB12: 99,3 (0,0) | AC12: 101,5 (+2,2) | AD12: 102,5 (+1,0) | AE12: 103,5 (+1,0) | AF12: 102,3 (-1,2) | AG12: 102,0 (-0,3)
A13: гомілка | L13: 39.4 | M13: 38,5 (-0,9) | N13: 38,5 (0,0) | O13: 39,0 (+0,5) | P13: 38,0 (-1,0) | Q13: 38,0 (0,0) | S13: 38,2 (+0,2) | T13: 38,5 (+0,3) | U13: 39,0 (+0,5) | V13: 39,0 (0,0) | W13: 40,0 (+1,0) | X13: 37,5 (-2,5) | Y13: 38,4 (+0,9) | Z13: 35,6 (-2,8) | AA13: 35,6 (0,0) | AB13: 35,6 (0,0) | AC13: 38,5 (+2,9) | AD13: 38,0 (-0,5) | AE13: 38,8 (+0,8) | AF13: 38,5 (-0,3) | AG13: 38,8 (+0,3)
A15: Примітка | J15: начал ходить | K15: забросил | L15: начал ходить | M15: не ходжу до зали | N15: 2 місяці без: | O15: не ходжу до зали | P15: 1 місяць в залі | Q15: 2 м в залі | R15: 2 м без зала | S15: 20,12 пішов в зал | T15: 2 м в залі | U15: останне заняття в залі | W15: Крайні дні в Укр | X15: 3 місяці в Ам | Z15: 1,5 місяця в залі | AA15: Тиждень хворів | AB15: Сумарно хворів | AC15: Купив новий метр для вимірювання | AD15: 2 тижні на креатині | AF15: купив турнік в кінмату
U16: ( сумарно майже 3 місяці займався )
